{
    "objects": [
        {
            "position": [
                0.0033083446323871613,
                0.06210047006607056,
                -1.9902055263519287
            ],
            "type": "shoes",
            "bounding-box": {
                "max": [
                    0.12173030525445938,
                    0.12344677746295929,
                    -1.86541748046875
                ],
                "min": [
                    -0.11511361598968506,
                    0.0007541626691818237,
                    -2.1149935722351074
                ]
            },
            "mask_id": 2,
            "bounding-box-2d": {
                "x_min": 706,
                "x_max": 1203,
                "y_min": 756,
                "y_max": 1133
            }
        }
    ]
}