{
    "objects": [
        {
            "position": [
                0.2873026942834258,
                0.020771998213604093,
                -1.728440284729004
            ],
            "type": "belts",
            "bounding-box": {
                "max": [
                    0.5749948024749756,
                    0.04263651743531227,
                    -1.424403190612793
                ],
                "min": [
                    -0.00038941390812397003,
                    -0.001092521008104086,
                    -2.032477378845215
                ]
            },
            "mask_id": 2,
            "bounding-box-2d": {
                "x_min": 522,
                "x_max": 891,
                "y_min": 845,
                "y_max": 1008
            }
        }
    ]
}