{
    "objects": [
        {
            "position": [
                0.0325675904750824,
                0.01069013960659504,
                -1.9689178466796875
            ],
            "type": "cords",
            "bounding-box": {
                "max": [
                    0.5867497324943542,
                    0.021087637171149254,
                    -1.6084117889404297
                ],
                "min": [
                    -0.5216145515441895,
                    0.0002926420420408249,
                    -2.3294239044189453
                ]
            },
            "mask_id": 2,
            "bounding-box-2d": {
                "x_min": 61,
                "x_max": 1780,
                "y_min": 864,
                "y_max": 1335
            }
        }
    ]
}